City,Lat,Lng,Max Temp,Humidity,Cloudiness,Wind Speed,Country,Date
"(0, 'rikitea')",-8.0089,-34.8553,80.6,69,40,12.66,BR,1614944024
"(1, 'avarua')",-8.0089,-34.8553,80.6,69,40,12.66,BR,1614944024
"(2, 'usevya')",-8.0089,-34.8553,80.6,69,40,12.66,BR,1614944024
"(3, 'qaanaaq')",-8.0089,-34.8553,80.6,69,40,12.66,BR,1614944024
"(4, 'marietta')",-8.0089,-34.8553,80.6,69,40,12.66,BR,1614944024
"(5, 'podgornoye')",-8.0089,-34.8553,80.6,69,40,12.66,BR,1614944024
"(6, 'bredasdorp')",-8.0089,-34.8553,80.6,69,40,12.66,BR,1614944024
"(7, 'barrow')",-8.0089,-34.8553,80.6,69,40,12.66,BR,1614944024
"(8, 'pundaguitan')",-8.0089,-34.8553,80.6,69,40,12.66,BR,1614944024
"(9, 'punta arenas')",-8.0089,-34.8553,80.6,69,40,12.66,BR,1614944024
"(10, 'manaira')",-8.0089,-34.8553,80.6,69,40,12.66,BR,1614944024
"(11, 'samusu')",-8.0089,-34.8553,80.6,69,40,12.66,BR,1614944024
"(12, 'college')",-8.0089,-34.8553,80.6,69,40,12.66,BR,1614944024
"(13, 'dauphin')",-8.0089,-34.8553,80.6,69,40,12.66,BR,1614944024
"(14, 'solovetskiy')",-8.0089,-34.8553,80.6,69,40,12.66,BR,1614944024
"(15, 'mys shmidta')",-8.0089,-34.8553,80.6,69,40,12.66,BR,1614944024
"(16, 'lompoc')",-8.0089,-34.8553,80.6,69,40,12.66,BR,1614944024
"(17, 'sentyabrskiy')",-8.0089,-34.8553,80.6,69,40,12.66,BR,1614944024
"(18, 'hihifo')",-8.0089,-34.8553,80.6,69,40,12.66,BR,1614944024
"(19, 'kruisfontein')",-8.0089,-34.8553,80.6,69,40,12.66,BR,1614944024
"(20, 'illoqqortoormiut')",-8.0089,-34.8553,80.6,69,40,12.66,BR,1614944024
"(21, 'mar del plata')",-8.0089,-34.8553,80.6,69,40,12.66,BR,1614944024
"(22, 'ushuaia')",-8.0089,-34.8553,80.6,69,40,12.66,BR,1614944024
"(23, 'carnarvon')",-8.0089,-34.8553,80.6,69,40,12.66,BR,1614944024
"(24, 'laguna')",-8.0089,-34.8553,80.6,69,40,12.66,BR,1614944024
"(25, 'taolanaro')",-8.0089,-34.8553,80.6,69,40,12.66,BR,1614944024
"(26, 'naze')",-8.0089,-34.8553,80.6,69,40,12.66,BR,1614944024
"(27, 'upernavik')",-8.0089,-34.8553,80.6,69,40,12.66,BR,1614944024
"(28, 'banda aceh')",-8.0089,-34.8553,80.6,69,40,12.66,BR,1614944024
"(29, 'albany')",-8.0089,-34.8553,80.6,69,40,12.66,BR,1614944024
"(30, 'nuuk')",-8.0089,-34.8553,80.6,69,40,12.66,BR,1614944024
"(31, 'dentsville')",-8.0089,-34.8553,80.6,69,40,12.66,BR,1614944024
"(32, 'clyde river')",-8.0089,-34.8553,80.6,69,40,12.66,BR,1614944024
"(33, 'dikson')",-8.0089,-34.8553,80.6,69,40,12.66,BR,1614944024
"(34, 'hilo')",-8.0089,-34.8553,80.6,69,40,12.66,BR,1614944024
"(35, 'busselton')",-8.0089,-34.8553,80.6,69,40,12.66,BR,1614944024
"(36, 'rawson')",-8.0089,-34.8553,80.6,69,40,12.66,BR,1614944024
"(37, 'provideniya')",-8.0089,-34.8553,80.6,69,40,12.66,BR,1614944024
"(38, 'abong mbang')",-8.0089,-34.8553,80.6,69,40,12.66,BR,1614944024
"(39, 'petrovsk')",-8.0089,-34.8553,80.6,69,40,12.66,BR,1614944024
"(40, 'nizwa')",-8.0089,-34.8553,80.6,69,40,12.66,BR,1614944024
"(41, 'ishigaki')",-8.0089,-34.8553,80.6,69,40,12.66,BR,1614944024
"(42, 'kandrian')",-8.0089,-34.8553,80.6,69,40,12.66,BR,1614944024
"(43, 'pevek')",-8.0089,-34.8553,80.6,69,40,12.66,BR,1614944024
"(44, 'katsuura')",-8.0089,-34.8553,80.6,69,40,12.66,BR,1614944024
"(45, 'aykhal')",-8.0089,-34.8553,80.6,69,40,12.66,BR,1614944024
"(46, 'norman wells')",-8.0089,-34.8553,80.6,69,40,12.66,BR,1614944024
"(47, 'vaini')",-8.0089,-34.8553,80.6,69,40,12.66,BR,1614944024
"(48, 'newport')",-8.0089,-34.8553,80.6,69,40,12.66,BR,1614944024
"(49, 'snezhnogorsk')",-8.0089,-34.8553,80.6,69,40,12.66,BR,1614944024
"(50, 'mataura')",-8.0089,-34.8553,80.6,69,40,12.66,BR,1614944024
"(51, 'thompson')",-8.0089,-34.8553,80.6,69,40,12.66,BR,1614944024
"(52, 'morelia')",-8.0089,-34.8553,80.6,69,40,12.66,BR,1614944024
"(53, 'mikhaylovsk')",-8.0089,-34.8553,80.6,69,40,12.66,BR,1614944024
"(54, 'oktyabrskiy')",-8.0089,-34.8553,80.6,69,40,12.66,BR,1614944024
"(55, 'harlingen')",-8.0089,-34.8553,80.6,69,40,12.66,BR,1614944024
"(56, 'lorengau')",-8.0089,-34.8553,80.6,69,40,12.66,BR,1614944024
"(57, 'hobart')",-8.0089,-34.8553,80.6,69,40,12.66,BR,1614944024
"(58, 'anadyr')",-8.0089,-34.8553,80.6,69,40,12.66,BR,1614944024
"(59, 'destin')",-8.0089,-34.8553,80.6,69,40,12.66,BR,1614944024
"(60, 'arraial do cabo')",-8.0089,-34.8553,80.6,69,40,12.66,BR,1614944024
"(61, 'howard springs')",-8.0089,-34.8553,80.6,69,40,12.66,BR,1614944024
"(62, 'hithadhoo')",-8.0089,-34.8553,80.6,69,40,12.66,BR,1614944024
"(63, 'mahebourg')",-8.0089,-34.8553,80.6,69,40,12.66,BR,1614944024
"(64, 'mweka')",-8.0089,-34.8553,80.6,69,40,12.66,BR,1614944024
"(65, 'la romana')",-8.0089,-34.8553,80.6,69,40,12.66,BR,1614944024
"(66, 'axim')",-8.0089,-34.8553,80.6,69,40,12.66,BR,1614944024
"(67, 'mikkeli')",-8.0089,-34.8553,80.6,69,40,12.66,BR,1614944024
"(68, 'miri')",-8.0089,-34.8553,80.6,69,40,12.66,BR,1614944024
"(69, 'torbay')",-8.0089,-34.8553,80.6,69,40,12.66,BR,1614944024
"(70, 'saint-louis')",-8.0089,-34.8553,80.6,69,40,12.66,BR,1614944024
"(71, 'jamestown')",-8.0089,-34.8553,80.6,69,40,12.66,BR,1614944024
"(72, 'castro')",-8.0089,-34.8553,80.6,69,40,12.66,BR,1614944024
"(73, 'medea')",-8.0089,-34.8553,80.6,69,40,12.66,BR,1614944024
"(74, 'khatanga')",-8.0089,-34.8553,80.6,69,40,12.66,BR,1614944024
"(75, 'wana')",-8.0089,-34.8553,80.6,69,40,12.66,BR,1614944024
"(76, 'constitucion')",-8.0089,-34.8553,80.6,69,40,12.66,BR,1614944024
"(77, 'eslov')",-8.0089,-34.8553,80.6,69,40,12.66,BR,1614944024
"(78, 'bethanien')",-8.0089,-34.8553,80.6,69,40,12.66,BR,1614944024
"(79, 'sovetskiy')",-8.0089,-34.8553,80.6,69,40,12.66,BR,1614944024
"(80, 'butaritari')",-8.0089,-34.8553,80.6,69,40,12.66,BR,1614944024
"(81, 'nizhneyansk')",-8.0089,-34.8553,80.6,69,40,12.66,BR,1614944024
"(82, 'santa eulalia del rio')",-8.0089,-34.8553,80.6,69,40,12.66,BR,1614944024
"(83, 'kuching')",-8.0089,-34.8553,80.6,69,40,12.66,BR,1614944024
"(84, 'ostrovnoy')",-8.0089,-34.8553,80.6,69,40,12.66,BR,1614944024
"(85, 'aswan')",-8.0089,-34.8553,80.6,69,40,12.66,BR,1614944024
"(86, 'gat')",-8.0089,-34.8553,80.6,69,40,12.66,BR,1614944024
"(87, 'west bay')",-8.0089,-34.8553,80.6,69,40,12.66,BR,1614944024
"(88, 'madimba')",-8.0089,-34.8553,80.6,69,40,12.66,BR,1614944024
"(89, 'cabo san lucas')",-8.0089,-34.8553,80.6,69,40,12.66,BR,1614944024
"(90, 'saraza')",-8.0089,-34.8553,80.6,69,40,12.66,BR,1614944024
"(91, 'charlestown')",-8.0089,-34.8553,80.6,69,40,12.66,BR,1614944024
"(92, 'georgetown')",-8.0089,-34.8553,80.6,69,40,12.66,BR,1614944024
"(93, 'gangotri')",-8.0089,-34.8553,80.6,69,40,12.66,BR,1614944024
"(94, 'soyo')",-8.0089,-34.8553,80.6,69,40,12.66,BR,1614944024
"(95, 'bluff')",-8.0089,-34.8553,80.6,69,40,12.66,BR,1614944024
"(96, 'porto recanati')",-8.0089,-34.8553,80.6,69,40,12.66,BR,1614944024
"(97, 'ribeira grande')",-8.0089,-34.8553,80.6,69,40,12.66,BR,1614944024
"(98, 'phnum penh')",-8.0089,-34.8553,80.6,69,40,12.66,BR,1614944024
"(99, 'qadian')",-8.0089,-34.8553,80.6,69,40,12.66,BR,1614944024
"(100, 'hirara')",-8.0089,-34.8553,80.6,69,40,12.66,BR,1614944024
"(101, 'tiksi')",-8.0089,-34.8553,80.6,69,40,12.66,BR,1614944024
"(102, 'waipawa')",-8.0089,-34.8553,80.6,69,40,12.66,BR,1614944024
"(103, 'port elizabeth')",-8.0089,-34.8553,80.6,69,40,12.66,BR,1614944024
"(104, 'tuktoyaktuk')",-8.0089,-34.8553,80.6,69,40,12.66,BR,1614944024
"(105, 'sabinas')",-8.0089,-34.8553,80.6,69,40,12.66,BR,1614944024
"(106, 'kyren')",-8.0089,-34.8553,80.6,69,40,12.66,BR,1614944024
"(107, 'ilulissat')",-8.0089,-34.8553,80.6,69,40,12.66,BR,1614944024
"(108, 'dhidhdhoo')",-8.0089,-34.8553,80.6,69,40,12.66,BR,1614944024
"(109, 'yellowknife')",-8.0089,-34.8553,80.6,69,40,12.66,BR,1614944024
"(110, 'belmonte')",-8.0089,-34.8553,80.6,69,40,12.66,BR,1614944024
"(111, 'mehamn')",-8.0089,-34.8553,80.6,69,40,12.66,BR,1614944024
"(112, 'bilma')",-8.0089,-34.8553,80.6,69,40,12.66,BR,1614944024
"(113, 'ponta do sol')",-8.0089,-34.8553,80.6,69,40,12.66,BR,1614944024
"(114, 'skalistyy')",-8.0089,-34.8553,80.6,69,40,12.66,BR,1614944024
"(115, 'bathsheba')",-8.0089,-34.8553,80.6,69,40,12.66,BR,1614944024
"(116, 'safaga')",-8.0089,-34.8553,80.6,69,40,12.66,BR,1614944024
"(117, 'cairns')",-8.0089,-34.8553,80.6,69,40,12.66,BR,1614944024
"(118, 'yeniseysk')",-8.0089,-34.8553,80.6,69,40,12.66,BR,1614944024
"(119, 'mandalgovi')",-8.0089,-34.8553,80.6,69,40,12.66,BR,1614944024
"(120, 'tasiilaq')",-8.0089,-34.8553,80.6,69,40,12.66,BR,1614944024
"(121, 'strezhevoy')",-8.0089,-34.8553,80.6,69,40,12.66,BR,1614944024
"(122, 'salinopolis')",-8.0089,-34.8553,80.6,69,40,12.66,BR,1614944024
"(123, 'kaitangata')",-8.0089,-34.8553,80.6,69,40,12.66,BR,1614944024
"(124, 'manoel urbano')",-8.0089,-34.8553,80.6,69,40,12.66,BR,1614944024
"(125, 'belushya guba')",-8.0089,-34.8553,80.6,69,40,12.66,BR,1614944024
"(126, 'cabo rojo')",-8.0089,-34.8553,80.6,69,40,12.66,BR,1614944024
"(127, 'lafayette')",-8.0089,-34.8553,80.6,69,40,12.66,BR,1614944024
"(128, 'kapaa')",-8.0089,-34.8553,80.6,69,40,12.66,BR,1614944024
"(129, 'olutanga')",-8.0089,-34.8553,80.6,69,40,12.66,BR,1614944024
"(130, 'quatre cocos')",-8.0089,-34.8553,80.6,69,40,12.66,BR,1614944024
"(131, 'makhachkala')",-8.0089,-34.8553,80.6,69,40,12.66,BR,1614944024
"(132, 'warqla')",-8.0089,-34.8553,80.6,69,40,12.66,BR,1614944024
"(133, 'hasaki')",-8.0089,-34.8553,80.6,69,40,12.66,BR,1614944024
"(134, 'saskylakh')",-8.0089,-34.8553,80.6,69,40,12.66,BR,1614944024
"(135, 'iskateley')",-8.0089,-34.8553,80.6,69,40,12.66,BR,1614944024
"(136, 'alta floresta')",-8.0089,-34.8553,80.6,69,40,12.66,BR,1614944024
"(137, 'puerto ayora')",-8.0089,-34.8553,80.6,69,40,12.66,BR,1614944024
"(138, 'pemangkat')",-8.0089,-34.8553,80.6,69,40,12.66,BR,1614944024
"(139, 'grand gaube')",-8.0089,-34.8553,80.6,69,40,12.66,BR,1614944024
"(140, 'warrnambool')",-8.0089,-34.8553,80.6,69,40,12.66,BR,1614944024
"(141, 'cape town')",-8.0089,-34.8553,80.6,69,40,12.66,BR,1614944024
"(142, 'calama')",-8.0089,-34.8553,80.6,69,40,12.66,BR,1614944024
"(143, 'half moon bay')",-8.0089,-34.8553,80.6,69,40,12.66,BR,1614944024
"(144, 'saint-philippe')",-8.0089,-34.8553,80.6,69,40,12.66,BR,1614944024
"(145, 'coquimbo')",-8.0089,-34.8553,80.6,69,40,12.66,BR,1614944024
"(146, 'birjand')",-8.0089,-34.8553,80.6,69,40,12.66,BR,1614944024
"(147, 'kirillov')",-8.0089,-34.8553,80.6,69,40,12.66,BR,1614944024
"(148, 'bakchar')",-8.0089,-34.8553,80.6,69,40,12.66,BR,1614944024
"(149, 'puyang')",-8.0089,-34.8553,80.6,69,40,12.66,BR,1614944024
"(150, 'san felipe')",-8.0089,-34.8553,80.6,69,40,12.66,BR,1614944024
"(151, 'muroto')",-8.0089,-34.8553,80.6,69,40,12.66,BR,1614944024
"(152, 'saint george')",-8.0089,-34.8553,80.6,69,40,12.66,BR,1614944024
"(153, 'palmer')",-8.0089,-34.8553,80.6,69,40,12.66,BR,1614944024
"(154, 'sao filipe')",-8.0089,-34.8553,80.6,69,40,12.66,BR,1614944024
"(155, 'kidodi')",-8.0089,-34.8553,80.6,69,40,12.66,BR,1614944024
"(156, 'paso de los toros')",-8.0089,-34.8553,80.6,69,40,12.66,BR,1614944024
"(157, 'yagodnoye')",-8.0089,-34.8553,80.6,69,40,12.66,BR,1614944024
"(158, 'kidal')",-8.0089,-34.8553,80.6,69,40,12.66,BR,1614944024
"(159, 'khonuu')",-8.0089,-34.8553,80.6,69,40,12.66,BR,1614944024
"(160, 'yangjiang')",-8.0089,-34.8553,80.6,69,40,12.66,BR,1614944024
"(161, 'vardo')",-8.0089,-34.8553,80.6,69,40,12.66,BR,1614944024
"(162, 'shaki')",-8.0089,-34.8553,80.6,69,40,12.66,BR,1614944024
"(163, 'newton')",-8.0089,-34.8553,80.6,69,40,12.66,BR,1614944024
"(164, 'hermanus')",-8.0089,-34.8553,80.6,69,40,12.66,BR,1614944024
"(165, 'vao')",-8.0089,-34.8553,80.6,69,40,12.66,BR,1614944024
"(166, 'ternate')",-8.0089,-34.8553,80.6,69,40,12.66,BR,1614944024
"(167, 'iqaluit')",-8.0089,-34.8553,80.6,69,40,12.66,BR,1614944024
"(168, 'cherskiy')",-8.0089,-34.8553,80.6,69,40,12.66,BR,1614944024
"(169, 'kavieng')",-8.0089,-34.8553,80.6,69,40,12.66,BR,1614944024
"(170, 'dingle')",-8.0089,-34.8553,80.6,69,40,12.66,BR,1614944024
"(171, 'hofn')",-8.0089,-34.8553,80.6,69,40,12.66,BR,1614944024
"(172, 'te anau')",-8.0089,-34.8553,80.6,69,40,12.66,BR,1614944024
"(173, 'nakusp')",-8.0089,-34.8553,80.6,69,40,12.66,BR,1614944024
"(174, 'mount gambier')",-8.0089,-34.8553,80.6,69,40,12.66,BR,1614944024
"(175, 'lebu')",-8.0089,-34.8553,80.6,69,40,12.66,BR,1614944024
"(176, 'nikolskoye')",-8.0089,-34.8553,80.6,69,40,12.66,BR,1614944024
"(177, 'ratnagiri')",-8.0089,-34.8553,80.6,69,40,12.66,BR,1614944024
"(178, 'pandan')",-8.0089,-34.8553,80.6,69,40,12.66,BR,1614944024
"(179, 'mkuranga')",-8.0089,-34.8553,80.6,69,40,12.66,BR,1614944024
"(180, 'touros')",-8.0089,-34.8553,80.6,69,40,12.66,BR,1614944024
"(181, 'cabedelo')",-8.0089,-34.8553,80.6,69,40,12.66,BR,1614944024
"(182, 'new norfolk')",-8.0089,-34.8553,80.6,69,40,12.66,BR,1614944024
"(183, 'khovu-aksy')",-8.0089,-34.8553,80.6,69,40,12.66,BR,1614944024
"(184, 'ryotsu')",-8.0089,-34.8553,80.6,69,40,12.66,BR,1614944024
"(185, 'zhigansk')",-8.0089,-34.8553,80.6,69,40,12.66,BR,1614944024
"(186, 'rio grande')",-8.0089,-34.8553,80.6,69,40,12.66,BR,1614944024
"(187, 'jojoima')",-8.0089,-34.8553,80.6,69,40,12.66,BR,1614944024
"(188, 'namtsy')",-8.0089,-34.8553,80.6,69,40,12.66,BR,1614944024
"(189, 'altamira')",-8.0089,-34.8553,80.6,69,40,12.66,BR,1614944024
"(190, 'riyadh')",-8.0089,-34.8553,80.6,69,40,12.66,BR,1614944024
"(191, 'hirna')",-8.0089,-34.8553,80.6,69,40,12.66,BR,1614944024
"(192, 'port alfred')",-8.0089,-34.8553,80.6,69,40,12.66,BR,1614944024
"(193, 'karaul')",-8.0089,-34.8553,80.6,69,40,12.66,BR,1614944024
"(194, 'guane')",-8.0089,-34.8553,80.6,69,40,12.66,BR,1614944024
"(195, 'adamas')",-8.0089,-34.8553,80.6,69,40,12.66,BR,1614944024
"(196, 'kudinovo')",-8.0089,-34.8553,80.6,69,40,12.66,BR,1614944024
"(197, 'agirish')",-8.0089,-34.8553,80.6,69,40,12.66,BR,1614944024
"(198, 'attawapiskat')",-8.0089,-34.8553,80.6,69,40,12.66,BR,1614944024
"(199, 'tirumullaivasal')",-8.0089,-34.8553,80.6,69,40,12.66,BR,1614944024
"(200, 'khaga')",-8.0089,-34.8553,80.6,69,40,12.66,BR,1614944024
"(201, 'terrak')",-8.0089,-34.8553,80.6,69,40,12.66,BR,1614944024
"(202, 'divo')",-8.0089,-34.8553,80.6,69,40,12.66,BR,1614944024
"(203, 'turayf')",-8.0089,-34.8553,80.6,69,40,12.66,BR,1614944024
"(204, 'akyab')",-8.0089,-34.8553,80.6,69,40,12.66,BR,1614944024
"(205, 'kodiak')",-8.0089,-34.8553,80.6,69,40,12.66,BR,1614944024
"(206, 'atuona')",-8.0089,-34.8553,80.6,69,40,12.66,BR,1614944024
"(207, 'airai')",-8.0089,-34.8553,80.6,69,40,12.66,BR,1614944024
"(208, 'lasa')",-8.0089,-34.8553,80.6,69,40,12.66,BR,1614944024
"(209, 'leh')",-8.0089,-34.8553,80.6,69,40,12.66,BR,1614944024
"(210, 'selcuk')",-8.0089,-34.8553,80.6,69,40,12.66,BR,1614944024
"(211, 'sukumo')",-8.0089,-34.8553,80.6,69,40,12.66,BR,1614944024
"(212, 'crateus')",-8.0089,-34.8553,80.6,69,40,12.66,BR,1614944024
"(213, 'sao domingos')",-8.0089,-34.8553,80.6,69,40,12.66,BR,1614944024
"(214, 'nizhniy odes')",-8.0089,-34.8553,80.6,69,40,12.66,BR,1614944024
"(215, 'sitka')",-8.0089,-34.8553,80.6,69,40,12.66,BR,1614944024
"(216, 'vaitupu')",-8.0089,-34.8553,80.6,69,40,12.66,BR,1614944024
"(217, 'mackay')",-8.0089,-34.8553,80.6,69,40,12.66,BR,1614944024
"(218, 'lock haven')",-8.0089,-34.8553,80.6,69,40,12.66,BR,1614944024
"(219, 'mazatlan')",-8.0089,-34.8553,80.6,69,40,12.66,BR,1614944024
"(220, 'karratha')",-8.0089,-34.8553,80.6,69,40,12.66,BR,1614944024
"(221, 'tigil')",-8.0089,-34.8553,80.6,69,40,12.66,BR,1614944024
"(222, 'atchison')",-8.0089,-34.8553,80.6,69,40,12.66,BR,1614944024
"(223, 'severo-kurilsk')",-8.0089,-34.8553,80.6,69,40,12.66,BR,1614944024
"(224, 'sechura')",-8.0089,-34.8553,80.6,69,40,12.66,BR,1614944024
"(225, 'tuatapere')",-8.0089,-34.8553,80.6,69,40,12.66,BR,1614944024
"(226, 'shenxian')",-8.0089,-34.8553,80.6,69,40,12.66,BR,1614944024
"(227, 'lieksa')",-8.0089,-34.8553,80.6,69,40,12.66,BR,1614944024
"(228, 'east london')",-8.0089,-34.8553,80.6,69,40,12.66,BR,1614944024
"(229, 'esperance')",-8.0089,-34.8553,80.6,69,40,12.66,BR,1614944024
"(230, 'yurimaguas')",-8.0089,-34.8553,80.6,69,40,12.66,BR,1614944024
"(231, 'kingisepp')",-8.0089,-34.8553,80.6,69,40,12.66,BR,1614944024
"(232, 'tautira')",-8.0089,-34.8553,80.6,69,40,12.66,BR,1614944024
"(233, 'avera')",-8.0089,-34.8553,80.6,69,40,12.66,BR,1614944024
"(234, 'tual')",-8.0089,-34.8553,80.6,69,40,12.66,BR,1614944024
"(235, 'arrifes')",-8.0089,-34.8553,80.6,69,40,12.66,BR,1614944024
"(236, 'nivala')",-8.0089,-34.8553,80.6,69,40,12.66,BR,1614944024
"(237, 'forio')",-8.0089,-34.8553,80.6,69,40,12.66,BR,1614944024
"(238, 'talnakh')",-8.0089,-34.8553,80.6,69,40,12.66,BR,1614944024
"(239, 'tukrah')",-8.0089,-34.8553,80.6,69,40,12.66,BR,1614944024
"(240, 'issenye')",-8.0089,-34.8553,80.6,69,40,12.66,BR,1614944024
"(241, 'ulladulla')",-8.0089,-34.8553,80.6,69,40,12.66,BR,1614944024
"(242, 'miandrivazo')",-8.0089,-34.8553,80.6,69,40,12.66,BR,1614944024
"(243, 'jacareacanga')",-8.0089,-34.8553,80.6,69,40,12.66,BR,1614944024
"(244, 'karauzyak')",-8.0089,-34.8553,80.6,69,40,12.66,BR,1614944024
"(245, 'sur')",-8.0089,-34.8553,80.6,69,40,12.66,BR,1614944024
"(246, 'hambantota')",-8.0089,-34.8553,80.6,69,40,12.66,BR,1614944024
"(247, 'farah')",-8.0089,-34.8553,80.6,69,40,12.66,BR,1614944024
"(248, 'bur gabo')",-8.0089,-34.8553,80.6,69,40,12.66,BR,1614944024
"(249, 'palabuhanratu')",-8.0089,-34.8553,80.6,69,40,12.66,BR,1614944024
"(250, 'otavi')",-8.0089,-34.8553,80.6,69,40,12.66,BR,1614944024
"(251, 'doctor pedro p. pena')",-8.0089,-34.8553,80.6,69,40,12.66,BR,1614944024
"(252, 'leningradskiy')",-8.0089,-34.8553,80.6,69,40,12.66,BR,1614944024
"(253, 'yining')",-8.0089,-34.8553,80.6,69,40,12.66,BR,1614944024
"(254, 'koutsouras')",-8.0089,-34.8553,80.6,69,40,12.66,BR,1614944024
"(255, 'harper')",-8.0089,-34.8553,80.6,69,40,12.66,BR,1614944024
"(256, 'champerico')",-8.0089,-34.8553,80.6,69,40,12.66,BR,1614944024
"(257, 'buraydah')",-8.0089,-34.8553,80.6,69,40,12.66,BR,1614944024
"(258, 'guatire')",-8.0089,-34.8553,80.6,69,40,12.66,BR,1614944024
"(259, 'vanimo')",-8.0089,-34.8553,80.6,69,40,12.66,BR,1614944024
"(260, 'saldanha')",-8.0089,-34.8553,80.6,69,40,12.66,BR,1614944024
"(261, 'piste')",-8.0089,-34.8553,80.6,69,40,12.66,BR,1614944024
"(262, 'luwuk')",-8.0089,-34.8553,80.6,69,40,12.66,BR,1614944024
"(263, 'cochrane')",-8.0089,-34.8553,80.6,69,40,12.66,BR,1614944024
"(264, 'ketchikan')",-8.0089,-34.8553,80.6,69,40,12.66,BR,1614944024
"(265, 'zhangjiakou')",-8.0089,-34.8553,80.6,69,40,12.66,BR,1614944024
"(266, 'saleaula')",-8.0089,-34.8553,80.6,69,40,12.66,BR,1614944024
"(267, 'new castle')",-8.0089,-34.8553,80.6,69,40,12.66,BR,1614944024
"(268, 'karamea')",-8.0089,-34.8553,80.6,69,40,12.66,BR,1614944024
"(269, 'fairbanks')",-8.0089,-34.8553,80.6,69,40,12.66,BR,1614944024
"(270, 'saryshagan')",-8.0089,-34.8553,80.6,69,40,12.66,BR,1614944024
"(271, 'jining')",-8.0089,-34.8553,80.6,69,40,12.66,BR,1614944024
"(272, 'montepuez')",-8.0089,-34.8553,80.6,69,40,12.66,BR,1614944024
"(273, 'turkistan')",-8.0089,-34.8553,80.6,69,40,12.66,BR,1614944024
"(274, 'hami')",-8.0089,-34.8553,80.6,69,40,12.66,BR,1614944024
"(275, 'ashland')",-8.0089,-34.8553,80.6,69,40,12.66,BR,1614944024
"(276, 'chokwe')",-8.0089,-34.8553,80.6,69,40,12.66,BR,1614944024
"(277, 'san patricio')",-8.0089,-34.8553,80.6,69,40,12.66,BR,1614944024
"(278, 'woodward')",-8.0089,-34.8553,80.6,69,40,12.66,BR,1614944024
"(279, 'werda')",-8.0089,-34.8553,80.6,69,40,12.66,BR,1614944024
"(280, 'tefe')",-8.0089,-34.8553,80.6,69,40,12.66,BR,1614944024
"(281, 'kilakarai')",-8.0089,-34.8553,80.6,69,40,12.66,BR,1614944024
"(282, 'cidreira')",-8.0089,-34.8553,80.6,69,40,12.66,BR,1614944024
"(283, 'amderma')",-8.0089,-34.8553,80.6,69,40,12.66,BR,1614944024
"(284, 'zavyalovo')",-8.0089,-34.8553,80.6,69,40,12.66,BR,1614944024
"(285, 'kholodnyy')",-8.0089,-34.8553,80.6,69,40,12.66,BR,1614944024
"(286, 'halifax')",-8.0089,-34.8553,80.6,69,40,12.66,BR,1614944024
"(287, 'auki')",-8.0089,-34.8553,80.6,69,40,12.66,BR,1614944024
"(288, 'baker city')",-8.0089,-34.8553,80.6,69,40,12.66,BR,1614944024
"(289, 'stromness')",-8.0089,-34.8553,80.6,69,40,12.66,BR,1614944024
"(290, 'tiznit')",-8.0089,-34.8553,80.6,69,40,12.66,BR,1614944024
"(291, 'portree')",-8.0089,-34.8553,80.6,69,40,12.66,BR,1614944024
"(292, 'itoman')",-8.0089,-34.8553,80.6,69,40,12.66,BR,1614944024
"(293, 'makakilo city')",-8.0089,-34.8553,80.6,69,40,12.66,BR,1614944024
"(294, 'henties bay')",-8.0089,-34.8553,80.6,69,40,12.66,BR,1614944024
"(295, 'sri aman')",-8.0089,-34.8553,80.6,69,40,12.66,BR,1614944024
"(296, 'batemans bay')",-8.0089,-34.8553,80.6,69,40,12.66,BR,1614944024
"(297, 'dvinskoy')",-8.0089,-34.8553,80.6,69,40,12.66,BR,1614944024
"(298, 'alyangula')",-8.0089,-34.8553,80.6,69,40,12.66,BR,1614944024
"(299, 'dekoa')",-8.0089,-34.8553,80.6,69,40,12.66,BR,1614944024
"(300, 'nouadhibou')",-8.0089,-34.8553,80.6,69,40,12.66,BR,1614944024
"(301, 'port hawkesbury')",-8.0089,-34.8553,80.6,69,40,12.66,BR,1614944024
"(302, 'chuy')",-8.0089,-34.8553,80.6,69,40,12.66,BR,1614944024
"(303, 'suluq')",-8.0089,-34.8553,80.6,69,40,12.66,BR,1614944024
"(304, 'hualmay')",-8.0089,-34.8553,80.6,69,40,12.66,BR,1614944024
"(305, 'zima')",-8.0089,-34.8553,80.6,69,40,12.66,BR,1614944024
"(306, 'hearst')",-8.0089,-34.8553,80.6,69,40,12.66,BR,1614944024
"(307, 'klaksvik')",-8.0089,-34.8553,80.6,69,40,12.66,BR,1614944024
"(308, 'erenhot')",-8.0089,-34.8553,80.6,69,40,12.66,BR,1614944024
"(309, 'komsomolskiy')",-8.0089,-34.8553,80.6,69,40,12.66,BR,1614944024
"(310, 'san andres')",-8.0089,-34.8553,80.6,69,40,12.66,BR,1614944024
"(311, 'barra do corda')",-8.0089,-34.8553,80.6,69,40,12.66,BR,1614944024
"(312, 'san cristobal')",-8.0089,-34.8553,80.6,69,40,12.66,BR,1614944024
"(313, 'hailar')",-8.0089,-34.8553,80.6,69,40,12.66,BR,1614944024
"(314, 'studena')",-8.0089,-34.8553,80.6,69,40,12.66,BR,1614944024
"(315, 'bolungarvik')",-8.0089,-34.8553,80.6,69,40,12.66,BR,1614944024
"(316, 'faanui')",-8.0089,-34.8553,80.6,69,40,12.66,BR,1614944024
"(317, 'richard toll')",-8.0089,-34.8553,80.6,69,40,12.66,BR,1614944024
"(318, 'chimoio')",-8.0089,-34.8553,80.6,69,40,12.66,BR,1614944024
"(319, 'codrington')",-8.0089,-34.8553,80.6,69,40,12.66,BR,1614944024
"(320, 'benjamin aceval')",-8.0089,-34.8553,80.6,69,40,12.66,BR,1614944024
"(321, 'opuwo')",-8.0089,-34.8553,80.6,69,40,12.66,BR,1614944024
"(322, 'butte')",-8.0089,-34.8553,80.6,69,40,12.66,BR,1614944024
"(323, 'samalaeulu')",-8.0089,-34.8553,80.6,69,40,12.66,BR,1614944024
"(324, 'longyearbyen')",-8.0089,-34.8553,80.6,69,40,12.66,BR,1614944024
"(325, 'northam')",-8.0089,-34.8553,80.6,69,40,12.66,BR,1614944024
"(326, 'yulara')",-8.0089,-34.8553,80.6,69,40,12.66,BR,1614944024
"(327, 'guerrero negro')",-8.0089,-34.8553,80.6,69,40,12.66,BR,1614944024
"(328, 'frolovo')",-8.0089,-34.8553,80.6,69,40,12.66,BR,1614944024
"(329, 'manhattan')",-8.0089,-34.8553,80.6,69,40,12.66,BR,1614944024
"(330, 'jardim')",-8.0089,-34.8553,80.6,69,40,12.66,BR,1614944024
"(331, 'bowen')",-8.0089,-34.8553,80.6,69,40,12.66,BR,1614944024
"(332, 'chigorodo')",-8.0089,-34.8553,80.6,69,40,12.66,BR,1614944024
"(333, 'xai-xai')",-8.0089,-34.8553,80.6,69,40,12.66,BR,1614944024
"(334, 'deputatskiy')",-8.0089,-34.8553,80.6,69,40,12.66,BR,1614944024
"(335, 'nabire')",-8.0089,-34.8553,80.6,69,40,12.66,BR,1614944024
"(336, 'bethel')",-8.0089,-34.8553,80.6,69,40,12.66,BR,1614944024
"(337, 'san vicente')",-8.0089,-34.8553,80.6,69,40,12.66,BR,1614944024
"(338, 'lagoa')",-8.0089,-34.8553,80.6,69,40,12.66,BR,1614944024
"(339, 'baiquan')",-8.0089,-34.8553,80.6,69,40,12.66,BR,1614944024
"(340, 'gorin')",-8.0089,-34.8553,80.6,69,40,12.66,BR,1614944024
"(341, 'sao paulo de olivenca')",-8.0089,-34.8553,80.6,69,40,12.66,BR,1614944024
"(342, 'chinsali')",-8.0089,-34.8553,80.6,69,40,12.66,BR,1614944024
"(343, 'cochabamba')",-8.0089,-34.8553,80.6,69,40,12.66,BR,1614944024
"(344, 'tondano')",-8.0089,-34.8553,80.6,69,40,12.66,BR,1614944024
"(345, 'boyuibe')",-8.0089,-34.8553,80.6,69,40,12.66,BR,1614944024
"(346, 'sorong')",-8.0089,-34.8553,80.6,69,40,12.66,BR,1614944024
"(347, 'korla')",-8.0089,-34.8553,80.6,69,40,12.66,BR,1614944024
"(348, 'saint-francois')",-8.0089,-34.8553,80.6,69,40,12.66,BR,1614944024
"(349, 'kinablangan')",-8.0089,-34.8553,80.6,69,40,12.66,BR,1614944024
"(350, 'kisangani')",-8.0089,-34.8553,80.6,69,40,12.66,BR,1614944024
"(351, 'gummidipundi')",-8.0089,-34.8553,80.6,69,40,12.66,BR,1614944024
"(352, 'visnes')",-8.0089,-34.8553,80.6,69,40,12.66,BR,1614944024
"(353, 'pangnirtung')",-8.0089,-34.8553,80.6,69,40,12.66,BR,1614944024
"(354, 'afmadu')",-8.0089,-34.8553,80.6,69,40,12.66,BR,1614944024
"(355, 'novonikolsk')",-8.0089,-34.8553,80.6,69,40,12.66,BR,1614944024
"(356, 'kananga')",-8.0089,-34.8553,80.6,69,40,12.66,BR,1614944024
"(357, 'kitob')",-8.0089,-34.8553,80.6,69,40,12.66,BR,1614944024
"(358, 'vestmannaeyjar')",-8.0089,-34.8553,80.6,69,40,12.66,BR,1614944024
"(359, 'khanino')",-8.0089,-34.8553,80.6,69,40,12.66,BR,1614944024
"(360, 'kimbe')",-8.0089,-34.8553,80.6,69,40,12.66,BR,1614944024
"(361, 'matara')",-8.0089,-34.8553,80.6,69,40,12.66,BR,1614944024
"(362, 'jizan')",-8.0089,-34.8553,80.6,69,40,12.66,BR,1614944024
"(363, 'aviles')",-8.0089,-34.8553,80.6,69,40,12.66,BR,1614944024
"(364, 'kudahuvadhoo')",-8.0089,-34.8553,80.6,69,40,12.66,BR,1614944024
"(365, 'pandharpur')",-8.0089,-34.8553,80.6,69,40,12.66,BR,1614944024
"(366, 'tarrega')",-8.0089,-34.8553,80.6,69,40,12.66,BR,1614944024
"(367, 'kuhdasht')",-8.0089,-34.8553,80.6,69,40,12.66,BR,1614944024
"(368, 'fortuna')",-8.0089,-34.8553,80.6,69,40,12.66,BR,1614944024
"(369, 'talaya')",-8.0089,-34.8553,80.6,69,40,12.66,BR,1614944024
"(370, 'sarangani')",-8.0089,-34.8553,80.6,69,40,12.66,BR,1614944024
"(371, 'margate')",-8.0089,-34.8553,80.6,69,40,12.66,BR,1614944024
"(372, 'vrangel')",-8.0089,-34.8553,80.6,69,40,12.66,BR,1614944024
"(373, 'bonthe')",-8.0089,-34.8553,80.6,69,40,12.66,BR,1614944024
"(374, 'namatanai')",-8.0089,-34.8553,80.6,69,40,12.66,BR,1614944024
"(375, 'mayo')",-8.0089,-34.8553,80.6,69,40,12.66,BR,1614944024
"(376, 'yarensk')",-8.0089,-34.8553,80.6,69,40,12.66,BR,1614944024
"(377, 'san matias')",-8.0089,-34.8553,80.6,69,40,12.66,BR,1614944024
"(378, 'aripuana')",-8.0089,-34.8553,80.6,69,40,12.66,BR,1614944024
"(379, 'arroyo')",-8.0089,-34.8553,80.6,69,40,12.66,BR,1614944024
"(380, 'bengkulu')",-8.0089,-34.8553,80.6,69,40,12.66,BR,1614944024
"(381, 'barra do garcas')",-8.0089,-34.8553,80.6,69,40,12.66,BR,1614944024
"(382, 'mnogovershinnyy')",-8.0089,-34.8553,80.6,69,40,12.66,BR,1614944024
"(383, 'coro')",-8.0089,-34.8553,80.6,69,40,12.66,BR,1614944024
"(384, 'apatou')",-8.0089,-34.8553,80.6,69,40,12.66,BR,1614944024
"(385, 'tsihombe')",-8.0089,-34.8553,80.6,69,40,12.66,BR,1614944024
"(386, 'barentsburg')",-8.0089,-34.8553,80.6,69,40,12.66,BR,1614944024
"(387, 'rio de janeiro')",-8.0089,-34.8553,80.6,69,40,12.66,BR,1614944024
"(388, 'berea')",-8.0089,-34.8553,80.6,69,40,12.66,BR,1614944024
"(389, 'labytnangi')",-8.0089,-34.8553,80.6,69,40,12.66,BR,1614944024
"(390, 'marrakesh')",-8.0089,-34.8553,80.6,69,40,12.66,BR,1614944024
"(391, 'lat yao')",-8.0089,-34.8553,80.6,69,40,12.66,BR,1614944024
"(392, 'victoria')",-8.0089,-34.8553,80.6,69,40,12.66,BR,1614944024
"(393, 'sasolburg')",-8.0089,-34.8553,80.6,69,40,12.66,BR,1614944024
"(394, 'mossoro')",-8.0089,-34.8553,80.6,69,40,12.66,BR,1614944024
"(395, 'skjervoy')",-8.0089,-34.8553,80.6,69,40,12.66,BR,1614944024
"(396, 'kosa')",-8.0089,-34.8553,80.6,69,40,12.66,BR,1614944024
"(397, 'launceston')",-8.0089,-34.8553,80.6,69,40,12.66,BR,1614944024
"(398, 'koulamoutou')",-8.0089,-34.8553,80.6,69,40,12.66,BR,1614944024
"(399, 'lardos')",-8.0089,-34.8553,80.6,69,40,12.66,BR,1614944024
"(400, 'maarianhamina')",-8.0089,-34.8553,80.6,69,40,12.66,BR,1614944024
"(401, 'rolim de moura')",-8.0089,-34.8553,80.6,69,40,12.66,BR,1614944024
"(402, 'burkhala')",-8.0089,-34.8553,80.6,69,40,12.66,BR,1614944024
"(403, 'saint-leu')",-8.0089,-34.8553,80.6,69,40,12.66,BR,1614944024
"(404, 'verdalsora')",-8.0089,-34.8553,80.6,69,40,12.66,BR,1614944024
"(405, 'sept-iles')",-8.0089,-34.8553,80.6,69,40,12.66,BR,1614944024
"(406, 'sorland')",-8.0089,-34.8553,80.6,69,40,12.66,BR,1614944024
"(407, 'naftah')",-8.0089,-34.8553,80.6,69,40,12.66,BR,1614944024
"(408, 'marghita')",-8.0089,-34.8553,80.6,69,40,12.66,BR,1614944024
"(409, 'puerto escondido')",-8.0089,-34.8553,80.6,69,40,12.66,BR,1614944024
"(410, 'padang')",-8.0089,-34.8553,80.6,69,40,12.66,BR,1614944024
"(411, 'ancud')",-8.0089,-34.8553,80.6,69,40,12.66,BR,1614944024
"(412, 'aksarka')",-8.0089,-34.8553,80.6,69,40,12.66,BR,1614944024
"(413, 'arlit')",-8.0089,-34.8553,80.6,69,40,12.66,BR,1614944024
"(414, 'betki')",-8.0089,-34.8553,80.6,69,40,12.66,BR,1614944024
"(415, 'lashio')",-8.0089,-34.8553,80.6,69,40,12.66,BR,1614944024
"(416, 'olafsvik')",-8.0089,-34.8553,80.6,69,40,12.66,BR,1614944024
"(417, 'murray bridge')",-8.0089,-34.8553,80.6,69,40,12.66,BR,1614944024
"(418, 'pincher creek')",-8.0089,-34.8553,80.6,69,40,12.66,BR,1614944024
"(419, 'smithers')",-8.0089,-34.8553,80.6,69,40,12.66,BR,1614944024
"(420, 'manado')",-8.0089,-34.8553,80.6,69,40,12.66,BR,1614944024
"(421, 'hammerfest')",-8.0089,-34.8553,80.6,69,40,12.66,BR,1614944024
"(422, 'calabozo')",-8.0089,-34.8553,80.6,69,40,12.66,BR,1614944024
"(423, 'banjar')",-8.0089,-34.8553,80.6,69,40,12.66,BR,1614944024
"(424, 'cockburn town')",-8.0089,-34.8553,80.6,69,40,12.66,BR,1614944024
"(425, 'geraldton')",-8.0089,-34.8553,80.6,69,40,12.66,BR,1614944024
"(426, 'vasto')",-8.0089,-34.8553,80.6,69,40,12.66,BR,1614944024
"(427, 'demba')",-8.0089,-34.8553,80.6,69,40,12.66,BR,1614944024
"(428, 'nara')",-8.0089,-34.8553,80.6,69,40,12.66,BR,1614944024
"(429, 'biak')",-8.0089,-34.8553,80.6,69,40,12.66,BR,1614944024
"(430, 'beringovskiy')",-8.0089,-34.8553,80.6,69,40,12.66,BR,1614944024
"(431, 'ruatoria')",-8.0089,-34.8553,80.6,69,40,12.66,BR,1614944024
"(432, 'lata')",-8.0089,-34.8553,80.6,69,40,12.66,BR,1614944024
"(433, 'kalmunai')",-8.0089,-34.8553,80.6,69,40,12.66,BR,1614944024
"(434, 'hobyo')",-8.0089,-34.8553,80.6,69,40,12.66,BR,1614944024
"(435, 'mujiayingzi')",-8.0089,-34.8553,80.6,69,40,12.66,BR,1614944024
"(436, 'hohhot')",-8.0089,-34.8553,80.6,69,40,12.66,BR,1614944024
"(437, 'lewisville')",-8.0089,-34.8553,80.6,69,40,12.66,BR,1614944024
"(438, 'chicama')",-8.0089,-34.8553,80.6,69,40,12.66,BR,1614944024
"(439, 'fomboni')",-8.0089,-34.8553,80.6,69,40,12.66,BR,1614944024
"(440, 'champagnole')",-8.0089,-34.8553,80.6,69,40,12.66,BR,1614944024
"(441, 'seoul')",-8.0089,-34.8553,80.6,69,40,12.66,BR,1614944024
"(442, 'port hardy')",-8.0089,-34.8553,80.6,69,40,12.66,BR,1614944024
"(443, 'alofi')",-8.0089,-34.8553,80.6,69,40,12.66,BR,1614944024
"(444, 'sistranda')",-8.0089,-34.8553,80.6,69,40,12.66,BR,1614944024
"(445, 'luderitz')",-8.0089,-34.8553,80.6,69,40,12.66,BR,1614944024
"(446, 'tshikapa')",-8.0089,-34.8553,80.6,69,40,12.66,BR,1614944024
"(447, 'manacapuru')",-8.0089,-34.8553,80.6,69,40,12.66,BR,1614944024
"(448, 'srednekolymsk')",-8.0089,-34.8553,80.6,69,40,12.66,BR,1614944024
"(449, 'amuntai')",-8.0089,-34.8553,80.6,69,40,12.66,BR,1614944024
"(450, 'kharan')",-8.0089,-34.8553,80.6,69,40,12.66,BR,1614944024
"(451, 'abha')",-8.0089,-34.8553,80.6,69,40,12.66,BR,1614944024
"(452, 'marsh harbour')",-8.0089,-34.8553,80.6,69,40,12.66,BR,1614944024
"(453, 'ust-kamchatsk')",-8.0089,-34.8553,80.6,69,40,12.66,BR,1614944024
"(454, 'samarai')",-8.0089,-34.8553,80.6,69,40,12.66,BR,1614944024
"(455, 'ucluelet')",-8.0089,-34.8553,80.6,69,40,12.66,BR,1614944024
"(456, 'bara')",-8.0089,-34.8553,80.6,69,40,12.66,BR,1614944024
"(457, 'toliary')",-8.0089,-34.8553,80.6,69,40,12.66,BR,1614944024
"(458, 'lima')",-8.0089,-34.8553,80.6,69,40,12.66,BR,1614944024
"(459, 'rio gallegos')",-8.0089,-34.8553,80.6,69,40,12.66,BR,1614944024
"(460, 'san carlos de bariloche')",-8.0089,-34.8553,80.6,69,40,12.66,BR,1614944024
"(461, 'nome')",-8.0089,-34.8553,80.6,69,40,12.66,BR,1614944024
"(462, 'temaraia')",-8.0089,-34.8553,80.6,69,40,12.66,BR,1614944024
"(463, 'japura')",-8.0089,-34.8553,80.6,69,40,12.66,BR,1614944024
"(464, 'bolshaya murta')",-8.0089,-34.8553,80.6,69,40,12.66,BR,1614944024
"(465, 'poum')",-8.0089,-34.8553,80.6,69,40,12.66,BR,1614944024
"(466, 'boden')",-8.0089,-34.8553,80.6,69,40,12.66,BR,1614944024
"(467, 'ksenyevka')",-8.0089,-34.8553,80.6,69,40,12.66,BR,1614944024
"(468, 'jalu')",-8.0089,-34.8553,80.6,69,40,12.66,BR,1614944024
"(469, 'santa fe')",-8.0089,-34.8553,80.6,69,40,12.66,BR,1614944024
"(470, 'saint anthony')",-8.0089,-34.8553,80.6,69,40,12.66,BR,1614944024
"(471, 'mataundh')",-8.0089,-34.8553,80.6,69,40,12.66,BR,1614944024
"(472, 'kavaratti')",-8.0089,-34.8553,80.6,69,40,12.66,BR,1614944024
"(473, 'breves')",-8.0089,-34.8553,80.6,69,40,12.66,BR,1614944024
"(474, 'puerto madero')",-8.0089,-34.8553,80.6,69,40,12.66,BR,1614944024
"(475, 'hendijan')",-8.0089,-34.8553,80.6,69,40,12.66,BR,1614944024
"(476, 'jefferson city')",-8.0089,-34.8553,80.6,69,40,12.66,BR,1614944024
"(477, 'jahrom')",-8.0089,-34.8553,80.6,69,40,12.66,BR,1614944024
"(478, 'omboue')",-8.0089,-34.8553,80.6,69,40,12.66,BR,1614944024
"(479, 'port lincoln')",-8.0089,-34.8553,80.6,69,40,12.66,BR,1614944024
"(480, 'bambous virieux')",-8.0089,-34.8553,80.6,69,40,12.66,BR,1614944024
"(481, 'umzimvubu')",-8.0089,-34.8553,80.6,69,40,12.66,BR,1614944024
"(482, 'halalo')",-8.0089,-34.8553,80.6,69,40,12.66,BR,1614944024
"(483, 'paamiut')",-8.0089,-34.8553,80.6,69,40,12.66,BR,1614944024
"(484, 'jeremie')",-8.0089,-34.8553,80.6,69,40,12.66,BR,1614944024
"(485, 'bemidji')",-8.0089,-34.8553,80.6,69,40,12.66,BR,1614944024
"(486, 'chumikan')",-8.0089,-34.8553,80.6,69,40,12.66,BR,1614944024
"(487, 'gimbi')",-8.0089,-34.8553,80.6,69,40,12.66,BR,1614944024
"(488, 'namibe')",-8.0089,-34.8553,80.6,69,40,12.66,BR,1614944024
"(489, 'kapoeta')",-8.0089,-34.8553,80.6,69,40,12.66,BR,1614944024
"(490, 'tidore')",-8.0089,-34.8553,80.6,69,40,12.66,BR,1614944024
"(491, 'sinnamary')",-8.0089,-34.8553,80.6,69,40,12.66,BR,1614944024
"(492, 'puerto quijarro')",-8.0089,-34.8553,80.6,69,40,12.66,BR,1614944024
"(493, 'jiwani')",-8.0089,-34.8553,80.6,69,40,12.66,BR,1614944024
"(494, 'alugan')",-8.0089,-34.8553,80.6,69,40,12.66,BR,1614944024
"(495, 'mantua')",-8.0089,-34.8553,80.6,69,40,12.66,BR,1614944024
"(496, 'santa marta')",-8.0089,-34.8553,80.6,69,40,12.66,BR,1614944024
"(497, 'beni')",-8.0089,-34.8553,80.6,69,40,12.66,BR,1614944024
"(498, 'shizilu')",-8.0089,-34.8553,80.6,69,40,12.66,BR,1614944024
"(499, 'grand river south east')",-8.0089,-34.8553,80.6,69,40,12.66,BR,1614944024
"(500, 'shizunai')",-8.0089,-34.8553,80.6,69,40,12.66,BR,1614944024
"(501, 'muscat')",-8.0089,-34.8553,80.6,69,40,12.66,BR,1614944024
"(502, 'kropotkin')",-8.0089,-34.8553,80.6,69,40,12.66,BR,1614944024
"(503, 'mahanoro')",-8.0089,-34.8553,80.6,69,40,12.66,BR,1614944024
"(504, 'moron')",-8.0089,-34.8553,80.6,69,40,12.66,BR,1614944024
"(505, 'souillac')",-8.0089,-34.8553,80.6,69,40,12.66,BR,1614944024
"(506, 'lugovoy')",-8.0089,-34.8553,80.6,69,40,12.66,BR,1614944024
"(507, 'yangambi')",-8.0089,-34.8553,80.6,69,40,12.66,BR,1614944024
"(508, 'kysyl-syr')",-8.0089,-34.8553,80.6,69,40,12.66,BR,1614944024
"(509, 'ixtapa')",-8.0089,-34.8553,80.6,69,40,12.66,BR,1614944024
"(510, 'puerto carreno')",-8.0089,-34.8553,80.6,69,40,12.66,BR,1614944024
"(511, 'nador')",-8.0089,-34.8553,80.6,69,40,12.66,BR,1614944024
"(512, 'meulaboh')",-8.0089,-34.8553,80.6,69,40,12.66,BR,1614944024
"(513, 'byron bay')",-8.0089,-34.8553,80.6,69,40,12.66,BR,1614944024
"(514, 'narsaq')",-8.0089,-34.8553,80.6,69,40,12.66,BR,1614944024
"(515, 'los llanos de aridane')",-8.0089,-34.8553,80.6,69,40,12.66,BR,1614944024
"(516, 'vila franca do campo')",-8.0089,-34.8553,80.6,69,40,12.66,BR,1614944024
"(517, 'anchorage')",-8.0089,-34.8553,80.6,69,40,12.66,BR,1614944024
"(518, 'aflu')",-8.0089,-34.8553,80.6,69,40,12.66,BR,1614944024
"(519, 'okhotsk')",-8.0089,-34.8553,80.6,69,40,12.66,BR,1614944024
"(520, 'ginir')",-8.0089,-34.8553,80.6,69,40,12.66,BR,1614944024
"(521, 'kununurra')",-8.0089,-34.8553,80.6,69,40,12.66,BR,1614944024
"(522, 'sola')",-8.0089,-34.8553,80.6,69,40,12.66,BR,1614944024
"(523, 'swan river')",-8.0089,-34.8553,80.6,69,40,12.66,BR,1614944024
"(524, 'vogar')",-8.0089,-34.8553,80.6,69,40,12.66,BR,1614944024
"(525, 'saint-augustin')",-8.0089,-34.8553,80.6,69,40,12.66,BR,1614944024
"(526, 'jarva-jaani')",-8.0089,-34.8553,80.6,69,40,12.66,BR,1614944024
"(527, 'nakatsugawa')",-8.0089,-34.8553,80.6,69,40,12.66,BR,1614944024
"(528, 'rio bananal')",-8.0089,-34.8553,80.6,69,40,12.66,BR,1614944024
"(529, 'sarakhs')",-8.0089,-34.8553,80.6,69,40,12.66,BR,1614944024
"(530, 'isangel')",-8.0089,-34.8553,80.6,69,40,12.66,BR,1614944024
"(531, 'chokurdakh')",-8.0089,-34.8553,80.6,69,40,12.66,BR,1614944024
"(532, 'bilibino')",-8.0089,-34.8553,80.6,69,40,12.66,BR,1614944024
"(533, 'conde')",-8.0089,-34.8553,80.6,69,40,12.66,BR,1614944024
"(534, 'asayita')",-8.0089,-34.8553,80.6,69,40,12.66,BR,1614944024
"(535, 'okha')",-8.0089,-34.8553,80.6,69,40,12.66,BR,1614944024
"(536, 'macau')",-8.0089,-34.8553,80.6,69,40,12.66,BR,1614944024
"(537, 'taltal')",-8.0089,-34.8553,80.6,69,40,12.66,BR,1614944024
"(538, 'teterow')",-8.0089,-34.8553,80.6,69,40,12.66,BR,1614944024
"(539, 'the pas')",-8.0089,-34.8553,80.6,69,40,12.66,BR,1614944024
"(540, 'porterville')",-8.0089,-34.8553,80.6,69,40,12.66,BR,1614944024
"(541, 'husavik')",-8.0089,-34.8553,80.6,69,40,12.66,BR,1614944024
"(542, 'mascota')",-8.0089,-34.8553,80.6,69,40,12.66,BR,1614944024
"(543, 'malartic')",-8.0089,-34.8553,80.6,69,40,12.66,BR,1614944024
"(544, 'leczna')",-8.0089,-34.8553,80.6,69,40,12.66,BR,1614944024
"(545, 'slave lake')",-8.0089,-34.8553,80.6,69,40,12.66,BR,1614944024
"(546, 'bandarbeyla')",-8.0089,-34.8553,80.6,69,40,12.66,BR,1614944024
"(547, 'seminole')",-8.0089,-34.8553,80.6,69,40,12.66,BR,1614944024
"(548, 'bustonkala')",-8.0089,-34.8553,80.6,69,40,12.66,BR,1614944024
"(549, 'zyryanka')",-8.0089,-34.8553,80.6,69,40,12.66,BR,1614944024
"(550, 'golden')",-8.0089,-34.8553,80.6,69,40,12.66,BR,1614944024
"(551, 'faya')",-8.0089,-34.8553,80.6,69,40,12.66,BR,1614944024
"(552, 'palana')",-8.0089,-34.8553,80.6,69,40,12.66,BR,1614944024
"(553, 'brae')",-8.0089,-34.8553,80.6,69,40,12.66,BR,1614944024
"(554, 'vostok')",-8.0089,-34.8553,80.6,69,40,12.66,BR,1614944024
"(555, 'sabha')",-8.0089,-34.8553,80.6,69,40,12.66,BR,1614944024
"(556, 'nova olimpia')",-8.0089,-34.8553,80.6,69,40,12.66,BR,1614944024
"(557, 'radcliff')",-8.0089,-34.8553,80.6,69,40,12.66,BR,1614944024
"(558, 'nemuro')",-8.0089,-34.8553,80.6,69,40,12.66,BR,1614944024
"(559, 'esna')",-8.0089,-34.8553,80.6,69,40,12.66,BR,1614944024
"(560, 'salalah')",-8.0089,-34.8553,80.6,69,40,12.66,BR,1614944024
"(561, 'bardiyah')",-8.0089,-34.8553,80.6,69,40,12.66,BR,1614944024
"(562, 'nanortalik')",-8.0089,-34.8553,80.6,69,40,12.66,BR,1614944024
"(563, 'concepcion del oro')",-8.0089,-34.8553,80.6,69,40,12.66,BR,1614944024
"(564, 'shahreza')",-8.0089,-34.8553,80.6,69,40,12.66,BR,1614944024
"(565, 'cordoba')",-8.0089,-34.8553,80.6,69,40,12.66,BR,1614944024
"(566, 'berlevag')",-8.0089,-34.8553,80.6,69,40,12.66,BR,1614944024
"(567, 'aporawan')",-8.0089,-34.8553,80.6,69,40,12.66,BR,1614944024
"(568, 'anahuac')",-8.0089,-34.8553,80.6,69,40,12.66,BR,1614944024
"(569, 'joshimath')",-8.0089,-34.8553,80.6,69,40,12.66,BR,1614944024
"(570, 'marzuq')",-8.0089,-34.8553,80.6,69,40,12.66,BR,1614944024
"(571, 'guarapari')",-8.0089,-34.8553,80.6,69,40,12.66,BR,1614944024
"(572, 'jiazi')",-8.0089,-34.8553,80.6,69,40,12.66,BR,1614944024
"(573, 'clonakilty')",-8.0089,-34.8553,80.6,69,40,12.66,BR,1614944024
"(574, 'katiola')",-8.0089,-34.8553,80.6,69,40,12.66,BR,1614944024
"(575, 'pierre')",-8.0089,-34.8553,80.6,69,40,12.66,BR,1614944024
"(576, 'maceio')",-8.0089,-34.8553,80.6,69,40,12.66,BR,1614944024
"(577, 'omsukchan')",-8.0089,-34.8553,80.6,69,40,12.66,BR,1614944024
"(578, 'saint-joseph')",-8.0089,-34.8553,80.6,69,40,12.66,BR,1614944024
"(579, 'waldoboro')",-8.0089,-34.8553,80.6,69,40,12.66,BR,1614944024
"(580, 'choma')",-8.0089,-34.8553,80.6,69,40,12.66,BR,1614944024
"(581, 'durban')",-8.0089,-34.8553,80.6,69,40,12.66,BR,1614944024
"(582, 'lavrentiya')",-8.0089,-34.8553,80.6,69,40,12.66,BR,1614944024
"(583, 'oistins')",-8.0089,-34.8553,80.6,69,40,12.66,BR,1614944024
"(584, 'zhuhai')",-8.0089,-34.8553,80.6,69,40,12.66,BR,1614944024
"(585, 'phan thiet')",-8.0089,-34.8553,80.6,69,40,12.66,BR,1614944024
"(586, 'boda')",-8.0089,-34.8553,80.6,69,40,12.66,BR,1614944024
"(587, 'havoysund')",-8.0089,-34.8553,80.6,69,40,12.66,BR,1614944024
"(588, 'khandagayty')",-8.0089,-34.8553,80.6,69,40,12.66,BR,1614944024
"(589, 'pacific grove')",-8.0089,-34.8553,80.6,69,40,12.66,BR,1614944024
"(590, 'havre-saint-pierre')",-8.0089,-34.8553,80.6,69,40,12.66,BR,1614944024
"(591, 'marcona')",-8.0089,-34.8553,80.6,69,40,12.66,BR,1614944024
"(592, 'kaseda')",-8.0089,-34.8553,80.6,69,40,12.66,BR,1614944024
"(593, 'bichena')",-8.0089,-34.8553,80.6,69,40,12.66,BR,1614944024
"(594, 'ambilobe')",-8.0089,-34.8553,80.6,69,40,12.66,BR,1614944024
"(595, 'birin')",-8.0089,-34.8553,80.6,69,40,12.66,BR,1614944024
"(596, 'goderich')",-8.0089,-34.8553,80.6,69,40,12.66,BR,1614944024
"(597, 'sayyan')",-8.0089,-34.8553,80.6,69,40,12.66,BR,1614944024
"(598, 'vanavara')",-8.0089,-34.8553,80.6,69,40,12.66,BR,1614944024
"(599, 'kloulklubed')",-8.0089,-34.8553,80.6,69,40,12.66,BR,1614944024
"(600, 'port hedland')",-8.0089,-34.8553,80.6,69,40,12.66,BR,1614944024
"(601, 'mangan')",-8.0089,-34.8553,80.6,69,40,12.66,BR,1614944024
"(602, 'naryan-mar')",-8.0089,-34.8553,80.6,69,40,12.66,BR,1614944024
"(603, 'port blair')",-8.0089,-34.8553,80.6,69,40,12.66,BR,1614944024
"(604, 'kazalinsk')",-8.0089,-34.8553,80.6,69,40,12.66,BR,1614944024
"(605, 'kulhudhuffushi')",-8.0089,-34.8553,80.6,69,40,12.66,BR,1614944024
"(606, 'ayan')",-8.0089,-34.8553,80.6,69,40,12.66,BR,1614944024
"(607, 'kieta')",-8.0089,-34.8553,80.6,69,40,12.66,BR,1614944024
"(608, 'krasnoturansk')",-8.0089,-34.8553,80.6,69,40,12.66,BR,1614944024
"(609, 'batagay-alyta')",-8.0089,-34.8553,80.6,69,40,12.66,BR,1614944024
"(610, 'longlac')",-8.0089,-34.8553,80.6,69,40,12.66,BR,1614944024
"(611, 'santa maria del oro')",-8.0089,-34.8553,80.6,69,40,12.66,BR,1614944024
"(612, 'iquique')",-8.0089,-34.8553,80.6,69,40,12.66,BR,1614944024
"(613, 'new plymouth')",-8.0089,-34.8553,80.6,69,40,12.66,BR,1614944024
"(614, 'buala')",-8.0089,-34.8553,80.6,69,40,12.66,BR,1614944024
"(615, 'takaka')",-8.0089,-34.8553,80.6,69,40,12.66,BR,1614944024
"(616, 'uttaradit')",-8.0089,-34.8553,80.6,69,40,12.66,BR,1614944024
"(617, 'acari')",-8.0089,-34.8553,80.6,69,40,12.66,BR,1614944024
"(618, 'kijang')",-8.0089,-34.8553,80.6,69,40,12.66,BR,1614944024
"(619, 'belize')",-8.0089,-34.8553,80.6,69,40,12.66,BR,1614944024
"(620, 'tieling')",-8.0089,-34.8553,80.6,69,40,12.66,BR,1614944024
"(621, 'nelson bay')",-8.0089,-34.8553,80.6,69,40,12.66,BR,1614944024
"(622, 'rungata')",-8.0089,-34.8553,80.6,69,40,12.66,BR,1614944024
"(623, 'quang ngai')",-8.0089,-34.8553,80.6,69,40,12.66,BR,1614944024
"(624, 'mendi')",-8.0089,-34.8553,80.6,69,40,12.66,BR,1614944024
"(625, 'hamilton')",-8.0089,-34.8553,80.6,69,40,12.66,BR,1614944024
"(626, 'qaqortoq')",-8.0089,-34.8553,80.6,69,40,12.66,BR,1614944024
"(627, 'jackson')",-8.0089,-34.8553,80.6,69,40,12.66,BR,1614944024
"(628, 'heiligenhafen')",-8.0089,-34.8553,80.6,69,40,12.66,BR,1614944024
"(629, 'bubaque')",-8.0089,-34.8553,80.6,69,40,12.66,BR,1614944024
"(630, 'qui nhon')",-8.0089,-34.8553,80.6,69,40,12.66,BR,1614944024
"(631, 'cotonou')",-8.0089,-34.8553,80.6,69,40,12.66,BR,1614944024
"(632, 'san rafael')",-8.0089,-34.8553,80.6,69,40,12.66,BR,1614944024
"(633, 'olinda')",-8.0089,-34.8553,80.6,69,40,12.66,BR,1614944024
